﻿{"cameraMode":{"drawMode":0,"name":"Shaded","section":"Shading Mode"},"sceneLighting":false,"audioPlay":false,"sceneViewState":{"showFog":true,"showMaterialUpdate":false,"showSkybox":true,"showFlares":true,"showImageEffects":true,"showParticleSystems":true},"in2DMode":false,"pivot":{"x":-0.14510250091552735,"y":2.3457441329956056,"z":-3.2184886932373049},"rotation":{"x":0.09467708319425583,"y":0.8939588069915772,"z":-0.2253200262784958,"w":0.3756394386291504},"size":17.0954647064209,"orthographic":false}