﻿{"cameraMode":{"drawMode":0,"name":"Shaded","section":"Shading Mode"},"sceneLighting":true,"audioPlay":false,"sceneViewState":{"showFog":false,"showMaterialUpdate":false,"showSkybox":false,"showFlares":false,"showImageEffects":false,"showParticleSystems":false},"in2DMode":false,"pivot":{"x":20.832107543945314,"y":6.9268341064453129,"z":-54.821571350097659},"rotation":{"x":0.13634569942951203,"y":0.8419880867004395,"z":-0.45780104398727419,"w":0.2507672905921936},"size":455.1332702636719,"orthographic":false}