﻿{"cameraMode":{"drawMode":0,"name":"Shaded","section":"Shading Mode"},"sceneLighting":false,"audioPlay":false,"sceneViewState":{"showFog":true,"showMaterialUpdate":false,"showSkybox":true,"showFlares":true,"showImageEffects":true,"showParticleSystems":true},"in2DMode":false,"pivot":{"x":-0.019999980926513673,"y":1.1588486433029175,"z":-77.7699966430664},"rotation":{"x":0.40471306443214419,"y":-0.590850293636322,"z":0.5383089184761047,"w":0.4442148208618164},"size":5.396194934844971,"orthographic":false}